Fecha,Impresiones
"dom, 1 feb 2026",334
"lun, 2 feb 2026",251
"mar, 3 feb 2026",259
"mié, 4 feb 2026",261
"jue, 5 feb 2026",153
"vie, 6 feb 2026",249
"sáb, 7 feb 2026",240
"dom, 8 feb 2026",229
"lun, 9 feb 2026",260
"mar, 10 feb 2026",277
"mié, 11 feb 2026",162
"jue, 12 feb 2026",256
"vie, 13 feb 2026",206
"sáb, 14 feb 2026",221
"dom, 15 feb 2026",263
"lun, 16 feb 2026",121
"mar, 17 feb 2026",195
"mié, 18 feb 2026",228
"jue, 19 feb 2026",159
"vie, 20 feb 2026",93
"sáb, 21 feb 2026",141
"dom, 22 feb 2026",149
"lun, 23 feb 2026",158
"mar, 24 feb 2026",197
"mié, 25 feb 2026",69
"jue, 26 feb 2026",155
"vie, 27 feb 2026",146
"sáb, 28 feb 2026",133
